epoch,time,train/box_loss,train/cls_loss,train/dfl_loss,metrics/precision(B),metrics/recall(B),metrics/mAP50(B),metrics/mAP50-95(B),val/box_loss,val/cls_loss,val/dfl_loss,lr/pg0,lr/pg1,lr/pg2
1,8.33974,4.81415,6.29693,4.17553,0,0,0,0,5.40136,4.86876,4.15956,0,0,0
2,9.48488,5.38416,6.23454,4.31674,0,0,0,0,5.40136,4.86876,4.16003,1.99802e-05,1.99802e-05,1.99802e-05
3,10.3051,4.88729,6.16199,4.25031,0,0,0,0,5.40136,4.86876,4.16044,3.99208e-05,3.99208e-05,3.99208e-05
4,11.0358,5.73094,6.95768,4.18435,0,0,0,0,5.40136,4.86876,4.16106,5.98218e-05,5.98218e-05,5.98218e-05
5,11.8157,3.83747,6.53986,4.20772,0,0,0,0,5.40136,4.86876,4.16126,7.96832e-05,7.96832e-05,7.96832e-05
6,12.6516,4.40729,5.58504,4.27389,0,0,0,0,5.40367,4.8744,4.16218,9.9505e-05,9.9505e-05,9.9505e-05
7,13.5183,4.87812,6.20206,4.2041,0,0,0,0,5.40367,4.8744,4.16236,0.000119287,0.000119287,0.000119287
8,14.3602,3.96269,6.40242,4.20177,0,0,0,0,5.40596,4.87209,4.16171,0.00013903,0.00013903,0.00013903
9,15.1821,5.25694,6.91863,4.23617,0,0,0,0,5.40367,4.8744,4.16154,0.000158733,0.000158733,0.000158733
10,16.0018,5.21567,8.06625,4.1583,0,0,0,0,5.40596,4.87209,4.16137,0.000178396,0.000178396,0.000178396
11,16.8312,4.79385,6.62618,4.3469,0,0,0,0,5.40366,4.87231,4.16106,0.00019802,0.00019802,0.00019802
12,17.6545,4.55497,5.99449,4.14365,0,0,0,0,5.39902,4.87051,4.15989,0.000217604,0.000217604,0.000217604
13,18.4791,4.62017,5.7757,4.17476,0,0,0,0,5.39902,4.87051,4.15961,0.000237149,0.000237149,0.000237149
14,19.3241,5.37881,7.62119,4.27751,0,0,0,0,5.39902,4.87051,4.15872,0.000256654,0.000256654,0.000256654
15,20.1396,4.04851,6.97745,4.16752,0,0,0,0,5.39902,4.87051,4.15641,0.000276119,0.000276119,0.000276119
16,20.9816,5.04016,7.16252,4.13145,0,0,0,0,5.39675,4.86764,4.15508,0.000295545,0.000295545,0.000295545
17,21.8599,3.1295,5.71261,4.16294,0,0,0,0,5.39675,4.86764,4.15332,0.000314931,0.000314931,0.000314931
18,22.6589,4.10005,5.99056,4.1904,0,0,0,0,5.39675,4.86764,4.15332,0.000334278,0.000334278,0.000334278
19,23.4785,3.75805,6.16031,4.17531,0,0,0,0,5.3907,4.86422,4.15114,0.000353585,0.000353585,0.000353585
20,24.2774,5.82919,6.96901,4.13192,0,0,0,0,5.3907,4.86422,4.15114,0.000372852,0.000372852,0.000372852
21,25.1035,5.12007,6.64208,4.11308,0,0,0,0,5.3907,4.86422,4.14872,0.00039208,0.00039208,0.00039208
22,25.9029,5.43286,7.28855,3.9503,0,0,0,0,5.3907,4.86422,4.14872,0.000411268,0.000411268,0.000411268
23,26.7485,4.14187,5.45086,4.12286,0,0,0,0,5.3907,4.86422,4.14622,0.000430417,0.000430417,0.000430417
24,27.5599,4.26594,7.19572,4.06838,0,0,0,0,5.3907,4.86422,4.14622,0.000449526,0.000449526,0.000449526
25,28.4158,4.67308,6.16149,4.1078,0,0,0,0,5.39065,4.86436,4.14298,0.000468595,0.000468595,0.000468595
26,29.22,4.76737,6.79136,4.24195,0,0,0,0,5.39065,4.86436,4.14298,0.000487625,0.000487625,0.000487625
27,30.0381,4.02599,6.26078,3.88122,0,0,0,0,5.39065,4.86436,4.14159,0.000506615,0.000506615,0.000506615
28,30.8393,5.23247,7.22764,3.9868,0,0,0,0,5.39065,4.86436,4.14159,0.000525566,0.000525566,0.000525566
29,31.6716,4.27083,6.51857,4.03791,0,0,0,0,5.39098,4.86903,4.13981,0.000544477,0.000544477,0.000544477
30,32.5057,3.28862,5.17796,4.18229,0,0,0,0,5.39098,4.86903,4.13981,0.000563348,0.000563348,0.000563348
31,33.3391,4.97732,6.69694,3.77446,0,0,0,0,5.39174,4.86431,4.1396,0.00058218,0.00058218,0.00058218
32,34.1358,4.46442,6.61406,3.88939,0,0,0,0,5.39174,4.86431,4.1396,0.000600972,0.000600972,0.000600972
33,34.9682,3.48427,5.67607,3.91534,0,0,0,0,5.39872,4.86966,4.14209,0.000619725,0.000619725,0.000619725
34,35.792,4.2703,5.69814,3.80354,0,0,0,0,5.39872,4.86966,4.14209,0.000638438,0.000638438,0.000638438
35,36.6219,3.40625,5.30259,3.83037,0,0,0,0,5.40331,4.86972,4.14675,0.000657111,0.000657111,0.000657111
36,37.4175,3.08793,5.42514,3.74825,0,0,0,0,5.40331,4.86972,4.14675,0.000675745,0.000675745,0.000675745
37,38.2456,3.88882,5.6627,3.76603,0,0,0,0,5.41831,4.88373,4.1543,0.000694339,0.000694339,0.000694339
38,39.0494,3.909,5.03573,3.54855,0,0,0,0,5.41831,4.88373,4.1543,0.000712894,0.000712894,0.000712894
39,39.8902,3.2652,6.25394,3.72883,0,0,0,0,5.42862,4.88928,4.16562,0.000731409,0.000731409,0.000731409
40,40.6899,4.03264,6.31254,3.59438,0,0,0,0,5.42862,4.88928,4.16562,0.000749884,0.000749884,0.000749884
41,41.5205,3.6733,6.06803,3.72654,0,0,0,0,5.44439,4.90525,4.18003,0.00076832,0.00076832,0.00076832
42,42.3138,3.16232,5.10026,3.59674,0,0,0,0,5.44439,4.90525,4.18003,0.000786716,0.000786716,0.000786716
43,43.1307,3.80202,5.9415,3.54605,0,0,0,0,5.47523,4.93131,4.20481,0.000805073,0.000805073,0.000805073
44,43.9292,3.89545,5.56338,3.26275,0,0,0,0,5.47523,4.93131,4.20481,0.00082339,0.00082339,0.00082339
45,44.7483,3.69173,5.31992,3.41282,0,0,0,0,5.51889,4.96126,4.24466,0.000841667,0.000841667,0.000841667
46,45.5608,2.94379,5.25673,3.50206,0,0,0,0,5.51889,4.96126,4.24466,0.000859905,0.000859905,0.000859905
47,46.3906,2.92286,4.49192,3.54772,0,0,0,0,5.56953,5.00887,4.29777,0.000878103,0.000878103,0.000878103
48,47.2023,3.77316,4.61587,3.48939,0,0,0,0,5.56953,5.00887,4.29777,0.000896262,0.000896262,0.000896262
49,48.0257,3.29126,5.13866,3.07575,0,0,0,0,5.61087,5.0481,4.34418,0.000914381,0.000914381,0.000914381
50,48.8252,3.34538,4.71984,3.14298,0,0,0,0,5.61087,5.0481,4.34418,0.00093246,0.00093246,0.00093246
51,49.6584,3.39413,4.7127,3.17937,0,0,0,0,5.62721,5.07375,4.36267,0.0009505,0.0009505,0.0009505
52,50.4575,3.86287,4.64956,2.92332,0,0,0,0,5.62721,5.07375,4.36267,0.0009685,0.0009685,0.0009685
53,51.2624,3.38765,5.08432,3.37703,0,0,0,0,5.62721,5.07375,4.36267,0.000986461,0.000986461,0.000986461
54,52.079,3.25577,4.83917,2.84838,0,0,0,0,5.62479,5.08446,4.35783,0.00100438,0.00100438,0.00100438
55,52.8794,3.23167,4.71541,3.26445,0,0,0,0,5.62479,5.08446,4.35783,0.00102226,0.00102226,0.00102226
56,53.6973,3.50203,5.61518,3.35332,0,0,0,0,5.62479,5.08446,4.35783,0.0010401,0.0010401,0.0010401
57,54.5238,2.87133,4.54371,3.05818,0,0,0,0,5.6139,5.08679,4.34477,0.00105791,0.00105791,0.00105791
58,55.3267,3.23875,4.52436,3.03957,0,0,0,0,5.6139,5.08679,4.34477,0.00107567,0.00107567,0.00107567
59,56.1465,3.5114,4.26407,3.01243,0,0,0,0,5.6139,5.08679,4.34477,0.00109339,0.00109339,0.00109339
60,56.9739,3.58059,4.77394,2.81474,0,0,0,0,5.68181,5.15483,4.42459,0.00111108,0.00111108,0.00111108
61,57.7671,2.8476,5.53862,2.73544,0,0,0,0,5.68181,5.15483,4.42459,0.00112872,0.00112872,0.00112872
62,58.5517,3.41608,4.73384,2.9533,0,0,0,0,5.68181,5.15483,4.42459,0.00114632,0.00114632,0.00114632
63,59.3727,3.9204,6.84827,3.2438,0,0,0,0,5.76287,5.25883,4.53601,0.00116389,0.00116389,0.00116389
64,60.1705,3.17163,4.35389,2.87867,0,0,0,0,5.76287,5.25883,4.53601,0.00118141,0.00118141,0.00118141
65,60.974,2.93349,4.76597,3.30677,0,0,0,0,5.76287,5.25883,4.53601,0.0011989,0.0011989,0.0011989
66,61.8159,3.45521,5.26363,2.86207,0,0,0,0,5.83815,5.35535,4.64972,0.00121635,0.00121635,0.00121635
67,62.605,3.90293,5.10257,2.90491,0,0,0,0,5.83815,5.35535,4.64972,0.00123375,0.00123375,0.00123375
68,63.3937,3.09195,4.65357,3.00896,0,0,0,0,5.83815,5.35535,4.64972,0.00125112,0.00125112,0.00125112
69,64.2239,3.12131,4.74112,3.14989,0,0,0,0,5.89658,5.42324,4.74501,0.00126844,0.00126844,0.00126844
70,65.0198,3.06173,4.24351,2.89171,0,0,0,0,5.89658,5.42324,4.74501,0.00128573,0.00128573,0.00128573
71,65.8311,2.94946,4.46271,3.00322,0,0,0,0,5.89658,5.42324,4.74501,0.00130298,0.00130298,0.00130298
72,66.645,3.3273,4.98069,2.52454,0,0,0,0,5.88629,5.40899,4.73136,0.00132019,0.00132019,0.00132019
73,67.4493,3.21718,4.5274,3.02282,0,0,0,0,5.88629,5.40899,4.73136,0.00133736,0.00133736,0.00133736
74,68.2537,2.76753,4.27864,3.00397,0,0,0,0,5.88629,5.40899,4.73136,0.00135449,0.00135449,0.00135449
75,69.0652,2.44015,4.39228,2.97395,0,0,0,0,5.83243,5.37577,4.64037,0.00137158,0.00137158,0.00137158
76,69.8595,3.13005,4.39871,3.18653,0,0,0,0,5.83243,5.37577,4.64037,0.00138863,0.00138863,0.00138863
77,70.6674,2.71397,4.59378,3.01006,0,0,0,0,5.83243,5.37577,4.64037,0.00140564,0.00140564,0.00140564
78,71.4888,2.89664,3.928,2.78532,0,0,0,0,5.76672,5.30897,4.55408,0.00142261,0.00142261,0.00142261
79,72.2912,2.85274,4.54924,2.87275,0,0,0,0,5.76672,5.30897,4.55408,0.00143954,0.00143954,0.00143954
80,73.0768,2.94837,3.85535,2.63519,0,0,0,0,5.76672,5.30897,4.55408,0.00145643,0.00145643,0.00145643
81,73.8973,2.87441,3.5365,2.73056,0,0,0,0,5.70249,5.27211,4.47999,0.00147328,0.00147328,0.00147328
82,74.7,3.09193,3.49731,2.6787,0,0,0,0,5.70249,5.27211,4.47999,0.00149009,0.00149009,0.00149009
83,75.4914,2.60565,4.1454,2.9506,0,0,0,0,5.70249,5.27211,4.47999,0.00150686,0.00150686,0.00150686
84,76.3137,3.2445,4.34699,3.10768,0,0,0,0,5.65276,5.23389,4.41798,0.0015236,0.0015236,0.0015236
85,77.0994,2.88077,3.69413,2.92804,0,0,0,0,5.65276,5.23389,4.41798,0.00154029,0.00154029,0.00154029
86,77.9027,2.77457,4.1155,2.56148,0,0,0,0,5.65276,5.23389,4.41798,0.00155695,0.00155695,0.00155695
87,78.704,2.87427,4.48094,2.7861,0,0,0,0,5.65276,5.23389,4.41798,0.00157356,0.00157356,0.00157356
88,79.5243,2.82833,4.1152,2.66905,0,0,0,0,5.53502,5.07988,4.27163,0.00159013,0.00159013,0.00159013
89,80.3199,2.43002,3.84003,2.87671,0,0,0,0,5.53502,5.07988,4.27163,0.00160667,0.00160667,0.00160667
90,81.1177,3.39309,3.91232,2.97925,0,0,0,0,5.53502,5.07988,4.27163,0.00162316,0.00162316,0.00162316
91,81.9228,2.43564,3.20509,2.22638,0,0,0,0,5.53502,5.07988,4.27163,0.00163962,0.00163962,0.00163962
92,82.7602,3.21098,4.15073,2.30593,0,0,0,0,5.54189,4.99518,4.2883,0.00165604,0.00165604,0.00165604
93,83.5518,2.57737,4.27302,3.01283,0,0,0,0,5.54189,4.99518,4.2883,0.00167241,0.00167241,0.00167241
94,84.3417,2.99909,4.09361,2.8737,0,0,0,0,5.54189,4.99518,4.2883,0.00168875,0.00168875,0.00168875
95,85.1471,2.47172,3.1759,2.57314,0,0,0,0,5.54189,4.99518,4.2883,0.00170505,0.00170505,0.00170505
96,85.9745,2.66165,3.44675,2.76972,0,0,0,0,5.62403,5.05617,4.40156,0.00172131,0.00172131,0.00172131
97,86.7736,2.6541,3.67975,2.69941,0,0,0,0,5.62403,5.05617,4.40156,0.00173752,0.00173752,0.00173752
98,87.5617,2.74013,3.48256,3.09649,0,0,0,0,5.62403,5.05617,4.40156,0.0017537,0.0017537,0.0017537
99,88.3523,3.36805,4.69836,2.59781,0,0,0,0,5.62403,5.05617,4.40156,0.00176984,0.00176984,0.00176984
100,89.2025,2.27597,3.47835,2.10896,0,0,0,0,5.41164,4.92044,4.2148,0.00178594,0.00178594,0.00178594
101,89.9972,3.0121,4.13017,2.59243,0,0,0,0,5.41164,4.92044,4.2148,0.001802,0.001802,0.001802
102,90.7802,2.76675,3.1487,2.32874,0,0,0,0,5.41164,4.92044,4.2148,0.00180002,0.00180002,0.00180002
103,91.5582,2.50241,3.72948,2.80827,0,0,0,0,5.41164,4.92044,4.2148,0.00179804,0.00179804,0.00179804
104,92.376,2.52928,3.37324,2.56474,0,0,0,0,5.26926,4.44595,4.16127,0.00179606,0.00179606,0.00179606
105,93.1647,2.88335,3.22602,2.25637,0,0,0,0,5.26926,4.44595,4.16127,0.00179408,0.00179408,0.00179408
106,93.956,2.6438,3.78476,2.83647,0,0,0,0,5.26926,4.44595,4.16127,0.0017921,0.0017921,0.0017921
107,94.76,2.86427,3.44007,2.16993,0,0,0,0,5.26926,4.44595,4.16127,0.00179012,0.00179012,0.00179012
108,95.5591,2.39156,3.71419,2.83174,0,0,0,0,5.07612,4.70844,4.07707,0.00178814,0.00178814,0.00178814
109,96.3585,2.955,4.02692,2.69591,0,0,0,0,5.07612,4.70844,4.07707,0.00178616,0.00178616,0.00178616
110,97.1539,2.77912,3.19312,2.83466,0,0,0,0,5.07612,4.70844,4.07707,0.00178418,0.00178418,0.00178418
111,97.9518,2.3926,2.788,2.29442,0,0,0,0,5.07612,4.70844,4.07707,0.0017822,0.0017822,0.0017822
112,98.7681,2.32464,3.72471,2.68596,0,0,0,0,5.08261,4.82536,4.06842,0.00178022,0.00178022,0.00178022
113,99.5615,2.24501,3.4186,2.63859,0,0,0,0,5.08261,4.82536,4.06842,0.00177824,0.00177824,0.00177824
114,100.334,2.32433,2.87785,2.51537,0,0,0,0,5.08261,4.82536,4.06842,0.00177626,0.00177626,0.00177626
115,101.126,2.36982,2.62394,2.32209,0,0,0,0,5.08261,4.82536,4.06842,0.00177428,0.00177428,0.00177428
116,101.937,2.60082,3.21817,2.2951,0,0,0,0,5.12335,4.95239,4.05238,0.0017723,0.0017723,0.0017723
117,102.732,2.44121,3.02381,2.4453,0,0,0,0,5.12335,4.95239,4.05238,0.00177032,0.00177032,0.00177032
118,103.516,2.59343,3.05086,2.50317,0,0,0,0,5.12335,4.95239,4.05238,0.00176834,0.00176834,0.00176834
119,104.315,2.41907,2.81806,2.22348,0,0,0,0,5.12335,4.95239,4.05238,0.00176636,0.00176636,0.00176636
120,105.138,2.24402,2.96486,2.07745,0,0,0,0,4.87959,4.73088,3.93797,0.00176438,0.00176438,0.00176438
121,105.918,2.34391,2.88733,2.71999,0,0,0,0,4.87959,4.73088,3.93797,0.0017624,0.0017624,0.0017624
122,106.696,2.6242,2.66402,2.72191,0,0,0,0,4.87959,4.73088,3.93797,0.00176042,0.00176042,0.00176042
123,107.466,2.3434,3.53895,2.44299,0,0,0,0,4.87959,4.73088,3.93797,0.00175844,0.00175844,0.00175844
124,108.282,3.1277,3.30685,2.46565,0,0,0,0,4.49515,4.70208,3.78546,0.00175646,0.00175646,0.00175646
125,109.077,2.36905,2.802,2.16992,0,0,0,0,4.49515,4.70208,3.78546,0.00175448,0.00175448,0.00175448
126,109.854,2.55069,3.00518,2.60878,0,0,0,0,4.49515,4.70208,3.78546,0.0017525,0.0017525,0.0017525
127,110.635,2.05263,2.86043,2.3858,0,0,0,0,4.49515,4.70208,3.78546,0.00175052,0.00175052,0.00175052
128,111.459,2.89156,3.0015,2.59798,0,0,0,0,3.53181,4.51481,3.53712,0.00174854,0.00174854,0.00174854
129,112.248,2.22129,2.93515,1.93373,0,0,0,0,3.53181,4.51481,3.53712,0.00174656,0.00174656,0.00174656
130,113.029,2.54802,3.19306,2.41224,0,0,0,0,3.53181,4.51481,3.53712,0.00174458,0.00174458,0.00174458
131,113.807,2.53447,2.77374,2.28136,0,0,0,0,3.53181,4.51481,3.53712,0.0017426,0.0017426,0.0017426
132,114.612,2.61969,3.27585,2.71244,0,0,0,0,3.44596,4.39051,3.49687,0.00174062,0.00174062,0.00174062
133,115.393,2.19367,2.81965,2.4592,0,0,0,0,3.44596,4.39051,3.49687,0.00173864,0.00173864,0.00173864
134,116.177,2.4532,2.45953,2.52941,0,0,0,0,3.44596,4.39051,3.49687,0.00173666,0.00173666,0.00173666
135,116.962,2.32403,2.78896,2.61804,0,0,0,0,3.44596,4.39051,3.49687,0.00173468,0.00173468,0.00173468
136,117.774,2.41656,2.42108,2.12965,0,0,0,0,3.44728,4.26686,3.50096,0.0017327,0.0017327,0.0017327
137,118.553,2.29768,3.22679,2.11042,0,0,0,0,3.44728,4.26686,3.50096,0.00173072,0.00173072,0.00173072
138,119.367,2.52817,2.76693,2.22152,0,0,0,0,3.44728,4.26686,3.50096,0.00172874,0.00172874,0.00172874
139,120.142,2.5081,3.14656,2.02786,0,0,0,0,3.44728,4.26686,3.50096,0.00172676,0.00172676,0.00172676
140,120.967,2.09587,2.50427,1.99018,0,0,0,0,3.20955,4.01041,3.46075,0.00172478,0.00172478,0.00172478
141,121.773,2.59943,2.67749,2.12767,0,0,0,0,3.20955,4.01041,3.46075,0.0017228,0.0017228,0.0017228
142,122.572,2.91313,2.93543,2.83224,0,0,0,0,3.20955,4.01041,3.46075,0.00172082,0.00172082,0.00172082
143,123.378,2.66228,3.24939,2.43148,0,0,0,0,3.20955,4.01041,3.46075,0.00171884,0.00171884,0.00171884
144,124.21,2.13993,3.96257,2.0962,0,0,0,0,3.21903,3.80612,3.49871,0.00171686,0.00171686,0.00171686
145,125.001,2.05382,2.22455,1.97859,0,0,0,0,3.21903,3.80612,3.49871,0.00171488,0.00171488,0.00171488
146,125.806,1.8496,1.99944,1.82241,0,0,0,0,3.21903,3.80612,3.49871,0.0017129,0.0017129,0.0017129
147,126.598,1.83713,2.1234,1.7324,0,0,0,0,3.21903,3.80612,3.49871,0.00171092,0.00171092,0.00171092
148,127.426,2.10715,2.51015,1.83932,0,0,0,0,3.31823,5.71017,3.6372,0.00170894,0.00170894,0.00170894
149,128.226,2.13607,2.34186,1.8892,0,0,0,0,3.31823,5.71017,3.6372,0.00170696,0.00170696,0.00170696
150,129.026,2.3141,2.64396,2.34396,0,0,0,0,3.31823,5.71017,3.6372,0.00170498,0.00170498,0.00170498
151,129.81,2.09419,2.48073,1.90642,0,0,0,0,3.31823,5.71017,3.6372,0.001703,0.001703,0.001703
152,130.627,2.61839,2.54137,2.48414,0,0,0,0,3.28994,7.3496,3.67124,0.00170102,0.00170102,0.00170102
153,131.422,2.30936,1.99366,2.10316,0,0,0,0,3.28994,7.3496,3.67124,0.00169904,0.00169904,0.00169904
154,132.23,2.27475,2.51132,2.2386,0,0,0,0,3.28994,7.3496,3.67124,0.00169706,0.00169706,0.00169706
155,133.023,2.79954,2.78686,2.58401,0,0,0,0,3.28994,7.3496,3.67124,0.00169508,0.00169508,0.00169508
156,133.838,1.83727,2.10091,1.88845,0,0,0,0,3.29818,6.05304,3.70592,0.0016931,0.0016931,0.0016931
157,134.64,2.03347,2.08426,2.21292,0,0,0,0,3.29818,6.05304,3.70592,0.00169112,0.00169112,0.00169112
158,135.451,2.26677,2.11032,1.96526,0,0,0,0,3.29818,6.05304,3.70592,0.00168914,0.00168914,0.00168914
159,136.228,1.83848,1.8035,1.77962,0,0,0,0,3.29818,6.05304,3.70592,0.00168716,0.00168716,0.00168716
160,137.052,2.40358,2.45422,2.17707,0.00333,1,0.00748,0.00075,3.60338,4.77706,3.63878,0.00168518,0.00168518,0.00168518
161,137.855,2.40221,2.28622,2.25868,0.00333,1,0.00748,0.00075,3.60338,4.77706,3.63878,0.0016832,0.0016832,0.0016832
162,138.662,2.21498,2.4653,2.60286,0.00333,1,0.00748,0.00075,3.60338,4.77706,3.63878,0.00168122,0.00168122,0.00168122
163,139.469,2.15284,1.71829,1.97525,0.00333,1,0.00748,0.00075,3.60338,4.77706,3.63878,0.00167924,0.00167924,0.00167924
164,140.301,2.06558,2.11471,1.91,0.00333,1,0.00957,0.00226,3.4701,4.37532,3.50801,0.00167726,0.00167726,0.00167726
165,141.116,2.09936,2.11456,1.91553,0.00333,1,0.00957,0.00226,3.4701,4.37532,3.50801,0.00167528,0.00167528,0.00167528
166,141.9,1.93167,2.17279,1.86308,0.00333,1,0.00957,0.00226,3.4701,4.37532,3.50801,0.0016733,0.0016733,0.0016733
167,142.702,2.10124,1.85191,1.85728,0.00333,1,0.00957,0.00226,3.4701,4.37532,3.50801,0.00167132,0.00167132,0.00167132
168,143.518,1.89933,2.0156,2.41915,0.00333,1,0.00434,0.00155,3.53659,4.40821,3.61541,0.00166934,0.00166934,0.00166934
169,144.307,2.15069,2.1502,2.23053,0.00333,1,0.00434,0.00155,3.53659,4.40821,3.61541,0.00166736,0.00166736,0.00166736
170,145.086,2.30255,2.00674,1.94945,0.00333,1,0.00434,0.00155,3.53659,4.40821,3.61541,0.00166538,0.00166538,0.00166538
171,145.878,1.86778,1.79669,1.87724,0.00333,1,0.00434,0.00155,3.53659,4.40821,3.61541,0.0016634,0.0016634,0.0016634
172,146.705,2.43881,2.36121,1.96985,0.00333,1,0.00422,0.00169,3.49472,4.26129,3.56861,0.00166142,0.00166142,0.00166142
173,147.502,1.85167,2.20767,1.87245,0.00333,1,0.00422,0.00169,3.49472,4.26129,3.56861,0.00165944,0.00165944,0.00165944
174,148.295,1.76674,1.89508,1.9016,0.00333,1,0.00422,0.00169,3.49472,4.26129,3.56861,0.00165746,0.00165746,0.00165746
175,149.074,2.0346,1.96077,1.8849,0.00333,1,0.00422,0.00169,3.49472,4.26129,3.56861,0.00165548,0.00165548,0.00165548
176,149.886,2.33342,2.07935,2.13233,0.00333,1,0.01144,0.00198,3.49131,3.93988,3.52629,0.0016535,0.0016535,0.0016535
177,150.682,2.18866,1.79056,2.36279,0.00333,1,0.01144,0.00198,3.49131,3.93988,3.52629,0.00165152,0.00165152,0.00165152
178,151.468,1.94912,2.2074,2.17175,0.00333,1,0.01144,0.00198,3.49131,3.93988,3.52629,0.00164954,0.00164954,0.00164954
179,152.256,2.0338,2.06302,2.25517,0.00333,1,0.01144,0.00198,3.49131,3.93988,3.52629,0.00164756,0.00164756,0.00164756
180,153.084,1.94588,1.78392,1.92562,0.00333,1,0.00948,0.00284,3.34579,3.71069,3.32551,0.00164558,0.00164558,0.00164558
181,153.866,1.78824,1.79348,1.70197,0.00333,1,0.00948,0.00284,3.34579,3.71069,3.32551,0.0016436,0.0016436,0.0016436
182,154.694,1.56209,1.50444,1.72657,0.00333,1,0.00948,0.00284,3.34579,3.71069,3.32551,0.00164162,0.00164162,0.00164162
183,155.501,2.12003,1.84764,2.15176,0.00333,1,0.00948,0.00284,3.34579,3.71069,3.32551,0.00163964,0.00163964,0.00163964
184,156.34,2.18457,2.74788,1.98832,0.00338,1,0.01686,0.00317,3.31596,3.85149,3.22624,0.00163766,0.00163766,0.00163766
185,157.136,2.33976,2.10525,2.51431,0.00338,1,0.01686,0.00317,3.31596,3.85149,3.22624,0.00163568,0.00163568,0.00163568
186,157.929,1.58457,1.84644,2.10178,0.00338,1,0.01686,0.00317,3.31596,3.85149,3.22624,0.0016337,0.0016337,0.0016337
187,158.727,2.1513,2.22843,2.00403,0.00338,1,0.01686,0.00317,3.31596,3.85149,3.22624,0.00163172,0.00163172,0.00163172
188,159.555,2.07316,1.97973,1.90811,0.00389,1,0.01005,0.00301,3.44563,3.64564,3.16121,0.00162974,0.00162974,0.00162974
189,160.345,1.85729,1.74786,1.91089,0.00389,1,0.01005,0.00301,3.44563,3.64564,3.16121,0.00162776,0.00162776,0.00162776
190,161.124,2.02854,2.09937,1.97203,0.00389,1,0.01005,0.00301,3.44563,3.64564,3.16121,0.00162578,0.00162578,0.00162578
191,161.922,2.02412,1.85099,1.95807,0.00389,1,0.01005,0.00301,3.44563,3.64564,3.16121,0.0016238,0.0016238,0.0016238
192,162.754,2.25745,1.95913,1.99088,0.00439,1,0.04146,0.00726,3.35244,3.11361,3.11574,0.00162182,0.00162182,0.00162182
193,163.538,1.67575,1.78221,2.11484,0.00439,1,0.04146,0.00726,3.35244,3.11361,3.11574,0.00161984,0.00161984,0.00161984
194,164.355,1.85772,1.80384,2.27314,0.00439,1,0.04146,0.00726,3.35244,3.11361,3.11574,0.00161786,0.00161786,0.00161786
195,165.159,1.92383,2.21542,1.70063,0.00439,1,0.04146,0.00726,3.35244,3.11361,3.11574,0.00161588,0.00161588,0.00161588
196,165.981,2.50484,2.33926,2.49154,0.00461,1,0.0995,0.0199,3.30046,2.56883,3.10113,0.0016139,0.0016139,0.0016139
197,166.775,1.62881,1.42339,1.77754,0.00461,1,0.0995,0.0199,3.30046,2.56883,3.10113,0.00161192,0.00161192,0.00161192
198,167.558,1.91742,1.61808,2.10807,0.00461,1,0.0995,0.0199,3.30046,2.56883,3.10113,0.00160994,0.00160994,0.00160994
199,168.355,1.87804,1.77307,2.10617,0.00461,1,0.0995,0.0199,3.30046,2.56883,3.10113,0.00160796,0.00160796,0.00160796
200,169.18,1.45426,1.36482,1.57538,0.14702,1,0.16583,0.03897,2.9162,2.59201,2.69641,0.00160598,0.00160598,0.00160598
201,169.992,1.62104,1.50607,1.81804,0.14702,1,0.16583,0.03897,2.9162,2.59201,2.69641,0.001604,0.001604,0.001604
202,170.792,1.67323,1.89018,2.08323,0.14702,1,0.16583,0.03897,2.9162,2.59201,2.69641,0.00160202,0.00160202,0.00160202
203,171.591,1.58817,1.63774,1.60886,0.14702,1,0.16583,0.03897,2.9162,2.59201,2.69641,0.00160004,0.00160004,0.00160004
204,172.417,2.10039,1.78639,1.90322,0.10466,1,0.14214,0.05169,2.75791,2.46267,2.68367,0.00159806,0.00159806,0.00159806
205,173.225,1.7165,1.49898,1.73543,0.10466,1,0.14214,0.05169,2.75791,2.46267,2.68367,0.00159608,0.00159608,0.00159608
206,174.012,1.62877,1.48921,1.7491,0.10466,1,0.14214,0.05169,2.75791,2.46267,2.68367,0.0015941,0.0015941,0.0015941
207,174.808,1.7833,1.44021,1.81694,0.10466,1,0.14214,0.05169,2.75791,2.46267,2.68367,0.00159212,0.00159212,0.00159212
208,175.637,1.82332,1.82213,1.73118,0.17557,1,0.199,0.05401,3.14066,2.25707,3.02309,0.00159014,0.00159014,0.00159014
209,176.44,1.87552,1.69612,1.92921,0.17557,1,0.199,0.05401,3.14066,2.25707,3.02309,0.00158816,0.00158816,0.00158816
210,177.232,1.59556,1.76227,1.58502,0.17557,1,0.199,0.05401,3.14066,2.25707,3.02309,0.00158618,0.00158618,0.00158618
211,178.035,1.53533,1.45713,1.53203,0.17557,1,0.199,0.05401,3.14066,2.25707,3.02309,0.0015842,0.0015842,0.0015842
212,178.867,2.0332,1.93094,2.05465,0.00794,1,0.05853,0.01387,3.6477,2.39273,3.61007,0.00158222,0.00158222,0.00158222
213,179.648,2.22093,1.79917,1.82085,0.00794,1,0.05853,0.01387,3.6477,2.39273,3.61007,0.00158024,0.00158024,0.00158024
214,180.426,1.51191,1.25172,1.6748,0.00794,1,0.05853,0.01387,3.6477,2.39273,3.61007,0.00157826,0.00157826,0.00157826
215,181.216,1.63469,1.4213,1.74326,0.00794,1,0.05853,0.01387,3.6477,2.39273,3.61007,0.00157628,0.00157628,0.00157628
216,182.017,1.46386,1.2364,1.65568,0.00885,1,0.01199,0.0036,3.7216,2.66917,3.82015,0.0015743,0.0015743,0.0015743
217,182.79,1.74638,1.38173,1.64299,0.00885,1,0.01199,0.0036,3.7216,2.66917,3.82015,0.00157232,0.00157232,0.00157232
218,183.562,1.95113,1.44756,1.76743,0.00885,1,0.01199,0.0036,3.7216,2.66917,3.82015,0.00157034,0.00157034,0.00157034
219,184.337,1.63284,1.16395,1.59531,0.00885,1,0.01199,0.0036,3.7216,2.66917,3.82015,0.00156836,0.00156836,0.00156836
220,185.137,1.50438,1.38185,1.69402,0.00885,1,0.01199,0.0036,3.80223,2.89678,4.03836,0.00156638,0.00156638,0.00156638
221,185.907,1.44177,1.42453,1.86857,0.00885,1,0.01199,0.0036,3.80223,2.89678,4.03836,0.0015644,0.0015644,0.0015644
222,186.685,1.55846,1.4466,1.83507,0.00885,1,0.01199,0.0036,3.80223,2.89678,4.03836,0.00156242,0.00156242,0.00156242
223,187.458,2.09243,1.5031,2.028,0.00885,1,0.01199,0.0036,3.80223,2.89678,4.03836,0.00156044,0.00156044,0.00156044
224,188.274,1.74122,1.54059,1.62433,0.00885,1,0.01199,0.0036,3.56002,3.20669,3.65484,0.00155846,0.00155846,0.00155846
225,189.058,1.30275,1.28397,1.42019,0.00885,1,0.01199,0.0036,3.56002,3.20669,3.65484,0.00155648,0.00155648,0.00155648
226,189.832,1.52939,1.24527,1.54835,0.00885,1,0.01199,0.0036,3.56002,3.20669,3.65484,0.0015545,0.0015545,0.0015545
227,190.618,1.62646,1.65995,1.70071,0.00885,1,0.01199,0.0036,3.56002,3.20669,3.65484,0.00155252,0.00155252,0.00155252
228,191.434,1.36632,1.37089,1.66328,0.00885,1,0.01199,0.0036,3.56723,3.06157,3.57225,0.00155054,0.00155054,0.00155054
229,192.231,1.81708,1.48025,1.72965,0.00885,1,0.01199,0.0036,3.56723,3.06157,3.57225,0.00154856,0.00154856,0.00154856
230,193.004,1.79402,1.6553,1.84456,0.00885,1,0.01199,0.0036,3.56723,3.06157,3.57225,0.00154658,0.00154658,0.00154658
231,193.799,1.42488,1.48706,1.58017,0.00885,1,0.01199,0.0036,3.56723,3.06157,3.57225,0.0015446,0.0015446,0.0015446
232,194.608,1.41515,1.53143,1.58471,0.01087,1,0.02163,0.00544,3.53558,3.05567,3.57922,0.00154262,0.00154262,0.00154262
233,195.39,1.34366,1.19346,1.41024,0.01087,1,0.02163,0.00544,3.53558,3.05567,3.57922,0.00154064,0.00154064,0.00154064
234,196.173,1.85921,1.64293,1.90722,0.01087,1,0.02163,0.00544,3.53558,3.05567,3.57922,0.00153866,0.00153866,0.00153866
235,196.955,1.32827,1.28337,1.55046,0.01087,1,0.02163,0.00544,3.53558,3.05567,3.57922,0.00153668,0.00153668,0.00153668
236,197.769,1.58017,1.51397,1.70799,0.01163,1,0.01309,0.00131,3.80003,2.95206,3.71453,0.0015347,0.0015347,0.0015347
237,198.549,1.35067,1.22301,1.5844,0.01163,1,0.01309,0.00131,3.80003,2.95206,3.71453,0.00153272,0.00153272,0.00153272
238,199.334,1.53193,1.4326,1.82568,0.01163,1,0.01309,0.00131,3.80003,2.95206,3.71453,0.00153074,0.00153074,0.00153074
239,200.124,1.77253,1.56997,1.7033,0.01163,1,0.01309,0.00131,3.80003,2.95206,3.71453,0.00152876,0.00152876,0.00152876
240,200.932,1.61454,1.41354,1.69597,0.01163,1,0.01309,0.00131,3.89702,2.93204,3.94481,0.00152678,0.00152678,0.00152678
241,201.719,1.82921,1.6872,1.79735,0.01163,1,0.01309,0.00131,3.89702,2.93204,3.94481,0.0015248,0.0015248,0.0015248
242,202.489,1.61823,1.28967,1.68307,0.01163,1,0.01309,0.00131,3.89702,2.93204,3.94481,0.00152282,0.00152282,0.00152282
243,203.255,1.59282,1.2176,1.45606,0.01163,1,0.01309,0.00131,3.89702,2.93204,3.94481,0.00152084,0.00152084,0.00152084
244,204.051,1.77379,1.50102,1.71469,0.01351,1,0.4975,0.04975,3.77946,3.18908,3.79749,0.00151886,0.00151886,0.00151886
245,204.826,1.52506,1.19366,1.60569,0.01351,1,0.4975,0.04975,3.77946,3.18908,3.79749,0.00151688,0.00151688,0.00151688
246,205.606,1.47374,1.3178,1.47026,0.01351,1,0.4975,0.04975,3.77946,3.18908,3.79749,0.0015149,0.0015149,0.0015149
247,206.392,1.5048,1.2363,1.48936,0.01351,1,0.4975,0.04975,3.77946,3.18908,3.79749,0.00151292,0.00151292,0.00151292
248,207.217,1.55516,1.15632,1.4987,0.01351,1,0.4975,0.04975,3.26463,3.85501,3.47266,0.00151094,0.00151094,0.00151094
249,207.992,1.51377,1.31368,1.62709,0.01351,1,0.4975,0.04975,3.26463,3.85501,3.47266,0.00150896,0.00150896,0.00150896
250,208.772,1.30014,1.18534,1.4692,0.01351,1,0.4975,0.04975,3.26463,3.85501,3.47266,0.00150698,0.00150698,0.00150698
251,209.554,1.77594,1.53366,1.87582,0.01351,1,0.4975,0.04975,3.26463,3.85501,3.47266,0.001505,0.001505,0.001505
252,210.397,1.69046,1.2856,1.7527,0.01351,1,0.4975,0.04975,3.40395,3.90186,3.41576,0.00150302,0.00150302,0.00150302
253,211.182,1.71061,1.29122,1.75892,0.01351,1,0.4975,0.04975,3.40395,3.90186,3.41576,0.00150104,0.00150104,0.00150104
254,211.973,1.17517,1.34448,1.56997,0.01351,1,0.4975,0.04975,3.40395,3.90186,3.41576,0.00149906,0.00149906,0.00149906
255,212.771,1.59029,1.49984,1.75471,0.01351,1,0.4975,0.04975,3.40395,3.90186,3.41576,0.00149708,0.00149708,0.00149708
256,213.58,1.66278,1.52258,2.0246,0.01351,1,0.4975,0.04975,3.55092,3.78555,3.50509,0.0014951,0.0014951,0.0014951
257,214.365,1.81253,1.67089,1.87338,0.01351,1,0.4975,0.04975,3.55092,3.78555,3.50509,0.00149312,0.00149312,0.00149312
258,215.14,1.80216,1.40522,1.52591,0.01351,1,0.4975,0.04975,3.55092,3.78555,3.50509,0.00149114,0.00149114,0.00149114
259,215.941,1.23908,1.1888,1.49333,0.01351,1,0.4975,0.04975,3.55092,3.78555,3.50509,0.00148916,0.00148916,0.00148916
260,216.75,1.72704,1.3705,1.80407,0.01351,1,0.4975,0.04975,3.61221,4.24298,3.44169,0.00148718,0.00148718,0.00148718
261,217.541,1.49226,1.18942,1.3234,0.01351,1,0.4975,0.04975,3.61221,4.24298,3.44169,0.0014852,0.0014852,0.0014852
262,218.327,1.61169,1.39133,1.70606,0.01351,1,0.4975,0.04975,3.61221,4.24298,3.44169,0.00148322,0.00148322,0.00148322
263,219.121,1.68766,1.31005,1.53693,0.01351,1,0.4975,0.04975,3.61221,4.24298,3.44169,0.00148124,0.00148124,0.00148124
264,219.945,1.22472,1.08128,1.41396,0.01351,1,0.4975,0.04975,3.97647,4.31995,3.60972,0.00147926,0.00147926,0.00147926
265,220.734,1.25334,1.15753,1.35727,0.01351,1,0.4975,0.04975,3.97647,4.31995,3.60972,0.00147728,0.00147728,0.00147728
266,221.508,1.34165,1.24367,1.56113,0.01351,1,0.4975,0.04975,3.97647,4.31995,3.60972,0.0014753,0.0014753,0.0014753
267,222.308,1.27188,1.42477,1.53649,0.01351,1,0.4975,0.04975,3.97647,4.31995,3.60972,0.00147332,0.00147332,0.00147332
268,223.129,1.39079,1.16974,1.47673,0.01351,1,0.4975,0.04975,3.89054,4.49963,3.56987,0.00147134,0.00147134,0.00147134
269,223.919,1.38472,1.18205,1.30379,0.01351,1,0.4975,0.04975,3.89054,4.49963,3.56987,0.00146936,0.00146936,0.00146936
270,224.711,1.56651,1.2353,1.4361,0.01351,1,0.4975,0.04975,3.89054,4.49963,3.56987,0.00146738,0.00146738,0.00146738
271,225.49,1.20594,1.01221,1.42496,0.01351,1,0.4975,0.04975,3.89054,4.49963,3.56987,0.0014654,0.0014654,0.0014654
272,226.307,1.52042,1.19335,1.65031,0.01351,1,0.4975,0.04975,3.72208,4.44902,3.61364,0.00146342,0.00146342,0.00146342
273,227.089,1.56874,1.33018,1.58013,0.01351,1,0.4975,0.04975,3.72208,4.44902,3.61364,0.00146144,0.00146144,0.00146144
274,227.872,1.28105,1.1843,1.54975,0.01351,1,0.4975,0.04975,3.72208,4.44902,3.61364,0.00145946,0.00145946,0.00145946
275,228.657,1.31013,1.22559,1.23133,0.01351,1,0.4975,0.04975,3.72208,4.44902,3.61364,0.00145748,0.00145748,0.00145748
276,229.479,1.43121,1.43959,1.72063,0.01351,1,0.4975,0.04975,3.08841,4.27619,3.58315,0.0014555,0.0014555,0.0014555
277,230.267,1.74119,1.50944,1.8613,0.01351,1,0.4975,0.04975,3.08841,4.27619,3.58315,0.00145352,0.00145352,0.00145352
278,231.055,1.77715,1.86614,2.24825,0.01351,1,0.4975,0.04975,3.08841,4.27619,3.58315,0.00145154,0.00145154,0.00145154
279,231.829,1.45925,1.45112,1.74001,0.01351,1,0.4975,0.04975,3.08841,4.27619,3.58315,0.00144956,0.00144956,0.00144956
280,232.649,1.27743,1.21587,1.38648,0.01351,1,0.4975,0.04975,3.88468,3.46282,3.86296,0.00144758,0.00144758,0.00144758
281,233.43,1.42817,1.24209,1.4524,0.01351,1,0.4975,0.04975,3.88468,3.46282,3.86296,0.0014456,0.0014456,0.0014456
282,234.225,1.52036,1.17208,1.51285,0.01351,1,0.4975,0.04975,3.88468,3.46282,3.86296,0.00144362,0.00144362,0.00144362
283,234.992,1.25345,1.08207,1.70749,0.01351,1,0.4975,0.04975,3.88468,3.46282,3.86296,0.00144164,0.00144164,0.00144164
284,235.805,1.41774,1.17982,1.40625,0.01351,1,0.4975,0.04975,4.10653,3.25127,4.13035,0.00143966,0.00143966,0.00143966
285,236.587,1.56673,1.47831,1.46563,0.01351,1,0.4975,0.04975,4.10653,3.25127,4.13035,0.00143768,0.00143768,0.00143768
286,237.379,1.53013,1.23646,1.61938,0.01351,1,0.4975,0.04975,4.10653,3.25127,4.13035,0.0014357,0.0014357,0.0014357
287,238.179,1.20459,1.19498,1.28198,0.01351,1,0.4975,0.04975,4.10653,3.25127,4.13035,0.00143372,0.00143372,0.00143372
288,239.006,1.25737,1.03311,1.41228,0.01351,1,0.4975,0.04975,3.80637,4.04525,3.603,0.00143174,0.00143174,0.00143174
289,239.801,1.4131,1.14619,1.46492,0.01351,1,0.4975,0.04975,3.80637,4.04525,3.603,0.00142976,0.00142976,0.00142976
290,240.611,1.44243,1.15267,1.58402,0.01351,1,0.4975,0.04975,3.80637,4.04525,3.603,0.00142778,0.00142778,0.00142778
291,241.424,1.51984,1.20482,1.5042,0.01351,1,0.4975,0.04975,3.80637,4.04525,3.603,0.0014258,0.0014258,0.0014258
292,242.264,1.47717,1.19535,1.54356,0.01351,1,0.4975,0.04975,3.35644,4.61979,3.62152,0.00142382,0.00142382,0.00142382
293,243.045,1.23061,1.12305,1.44905,0.01351,1,0.4975,0.04975,3.35644,4.61979,3.62152,0.00142184,0.00142184,0.00142184
294,243.839,1.42033,1.25807,1.5747,0.01351,1,0.4975,0.04975,3.35644,4.61979,3.62152,0.00141986,0.00141986,0.00141986
295,244.641,1.45242,1.15681,1.44543,0.01351,1,0.4975,0.04975,3.35644,4.61979,3.62152,0.00141788,0.00141788,0.00141788
296,245.486,1.40325,1.17081,1.54218,0.01351,1,0.4975,0.04975,3.5427,4.57816,3.62253,0.0014159,0.0014159,0.0014159
297,246.285,1.18853,1.11958,1.2518,0.01351,1,0.4975,0.04975,3.5427,4.57816,3.62253,0.00141392,0.00141392,0.00141392
298,247.077,1.43798,1.32152,1.5852,0.01351,1,0.4975,0.04975,3.5427,4.57816,3.62253,0.00141194,0.00141194,0.00141194
299,247.868,1.26347,1.08933,1.3095,0.01351,1,0.4975,0.04975,3.5427,4.57816,3.62253,0.00140996,0.00140996,0.00140996
300,248.693,1.53295,1.21162,1.50838,0.01351,1,0.4975,0.04975,4.11255,4.12172,3.81895,0.00140798,0.00140798,0.00140798
301,249.487,1.53812,1.30207,1.62,0.01351,1,0.4975,0.04975,4.11255,4.12172,3.81895,0.001406,0.001406,0.001406
302,250.288,1.253,1.1291,1.36593,0.01351,1,0.4975,0.04975,4.11255,4.12172,3.81895,0.00140402,0.00140402,0.00140402
303,251.092,1.2792,1.03026,1.34321,0.01351,1,0.4975,0.04975,4.11255,4.12172,3.81895,0.00140204,0.00140204,0.00140204
304,251.931,1.8053,1.3053,1.8214,0.01351,1,0.4975,0.04975,4.18072,3.75849,4.01141,0.00140006,0.00140006,0.00140006
305,252.738,1.1997,1.17019,1.50589,0.01351,1,0.4975,0.04975,4.18072,3.75849,4.01141,0.00139808,0.00139808,0.00139808
306,253.534,1.48468,1.09769,1.3491,0.01351,1,0.4975,0.04975,4.18072,3.75849,4.01141,0.0013961,0.0013961,0.0013961
307,254.316,1.38235,1.07721,1.45381,0.01351,1,0.4975,0.04975,4.18072,3.75849,4.01141,0.00139412,0.00139412,0.00139412
308,255.137,1.49743,1.20361,1.73343,0.01351,1,0.4975,0.04975,3.84952,3.91143,3.7569,0.00139214,0.00139214,0.00139214
309,255.942,1.29322,1.25892,1.60112,0.01351,1,0.4975,0.04975,3.84952,3.91143,3.7569,0.00139016,0.00139016,0.00139016
310,256.732,1.52461,1.18404,1.70632,0.01351,1,0.4975,0.04975,3.84952,3.91143,3.7569,0.00138818,0.00138818,0.00138818
311,257.531,1.66393,1.78231,2.00371,0.01351,1,0.4975,0.04975,3.84952,3.91143,3.7569,0.0013862,0.0013862,0.0013862
312,258.36,1.34023,1.11779,1.53605,0.01351,1,0.4975,0.04975,3.67986,3.78913,3.77588,0.00138422,0.00138422,0.00138422
313,259.16,1.5165,1.07279,1.57794,0.01351,1,0.4975,0.04975,3.67986,3.78913,3.77588,0.00138224,0.00138224,0.00138224
314,259.962,1.11209,1.07868,1.50793,0.01351,1,0.4975,0.04975,3.67986,3.78913,3.77588,0.00138026,0.00138026,0.00138026
315,260.763,1.29676,1.11927,1.42082,0.01351,1,0.4975,0.04975,3.67986,3.78913,3.77588,0.00137828,0.00137828,0.00137828
316,261.564,1.15593,1.10985,1.45915,0.01351,1,0.4975,0.04975,3.50641,3.94249,3.68249,0.0013763,0.0013763,0.0013763
317,262.357,1.35158,1.0382,1.68808,0.01351,1,0.4975,0.04975,3.50641,3.94249,3.68249,0.00137432,0.00137432,0.00137432
318,263.164,1.4829,1.23669,1.77585,0.01351,1,0.4975,0.04975,3.50641,3.94249,3.68249,0.00137234,0.00137234,0.00137234
319,263.956,1.20173,1.05237,1.45063,0.01351,1,0.4975,0.04975,3.50641,3.94249,3.68249,0.00137036,0.00137036,0.00137036
320,264.768,1.2973,1.00593,1.5984,0.01351,1,0.4975,0.04975,3.4482,4.02855,3.61814,0.00136838,0.00136838,0.00136838
321,265.562,1.61493,1.58707,1.90962,0.01351,1,0.4975,0.04975,3.4482,4.02855,3.61814,0.0013664,0.0013664,0.0013664
322,266.357,1.22136,1.04303,1.41349,0.01351,1,0.4975,0.04975,3.4482,4.02855,3.61814,0.00136442,0.00136442,0.00136442
323,267.155,1.39356,1.26335,1.39631,0.01351,1,0.4975,0.04975,3.4482,4.02855,3.61814,0.00136244,0.00136244,0.00136244
324,267.961,1.55815,1.36834,1.67827,0.01351,1,0.4975,0.04975,3.22597,3.95133,3.60713,0.00136046,0.00136046,0.00136046
325,268.776,1.27306,1.02645,1.35844,0.01351,1,0.4975,0.04975,3.22597,3.95133,3.60713,0.00135848,0.00135848,0.00135848
326,269.591,1.24073,1.08852,1.28758,0.01351,1,0.4975,0.04975,3.22597,3.95133,3.60713,0.0013565,0.0013565,0.0013565
327,270.381,1.30802,1.25304,1.3275,0.01351,1,0.4975,0.04975,3.22597,3.95133,3.60713,0.00135452,0.00135452,0.00135452
328,271.203,1.21999,1.3923,1.60601,0.01351,1,0.4975,0.04975,3.29203,4.06693,3.60801,0.00135254,0.00135254,0.00135254
329,271.997,1.38151,1.08969,1.63523,0.01351,1,0.4975,0.04975,3.29203,4.06693,3.60801,0.00135056,0.00135056,0.00135056
330,272.779,1.31418,1.23467,1.63949,0.01351,1,0.4975,0.04975,3.29203,4.06693,3.60801,0.00134858,0.00134858,0.00134858
331,273.59,1.33285,0.95239,1.31829,0.01351,1,0.4975,0.04975,3.29203,4.06693,3.60801,0.0013466,0.0013466,0.0013466
332,274.43,1.4275,1.02874,1.39685,0.01408,1,0.07107,0.00711,3.73379,3.78175,3.7743,0.00134462,0.00134462,0.00134462
333,275.238,1.43226,1.15528,1.3796,0.01408,1,0.07107,0.00711,3.73379,3.78175,3.7743,0.00134264,0.00134264,0.00134264
334,276.039,1.13914,1.03515,1.26754,0.01408,1,0.07107,0.00711,3.73379,3.78175,3.7743,0.00134066,0.00134066,0.00134066
335,276.831,1.09402,0.95465,1.25385,0.01408,1,0.07107,0.00711,3.73379,3.78175,3.7743,0.00133868,0.00133868,0.00133868
336,277.647,1.72921,1.3684,1.73516,0.01299,1,0.16583,0.01658,3.44904,3.59526,3.79821,0.0013367,0.0013367,0.0013367
337,278.442,1.4297,1.02746,1.67762,0.01299,1,0.16583,0.01658,3.44904,3.59526,3.79821,0.00133472,0.00133472,0.00133472
338,279.25,0.98035,0.90481,1.27545,0.01299,1,0.16583,0.01658,3.44904,3.59526,3.79821,0.00133274,0.00133274,0.00133274
339,280.022,1.3681,1.03743,1.43322,0.01299,1,0.16583,0.01658,3.44904,3.59526,3.79821,0.00133076,0.00133076,0.00133076
340,280.83,1.05726,1.03109,1.48256,0.01333,1,0.24875,0.02488,3.45201,3.34895,3.92489,0.00132878,0.00132878,0.00132878
341,281.62,1.1413,0.96443,1.26908,0.01333,1,0.24875,0.02488,3.45201,3.34895,3.92489,0.0013268,0.0013268,0.0013268
342,282.427,1.16834,1.00612,1.31122,0.01333,1,0.24875,0.02488,3.45201,3.34895,3.92489,0.00132482,0.00132482,0.00132482
343,283.221,1.53081,1.40644,1.61367,0.01333,1,0.24875,0.02488,3.45201,3.34895,3.92489,0.00132284,0.00132284,0.00132284
344,284.04,1.04242,0.91059,1.28758,0.01316,1,0.199,0.0199,3.37156,3.13654,3.99435,0.00132086,0.00132086,0.00132086
345,284.837,1.47794,1.04616,1.45071,0.01316,1,0.199,0.0199,3.37156,3.13654,3.99435,0.00131888,0.00131888,0.00131888
346,285.631,1.7098,1.31612,1.71858,0.01316,1,0.199,0.0199,3.37156,3.13654,3.99435,0.0013169,0.0013169,0.0013169
347,286.434,1.16535,0.97524,1.30636,0.01316,1,0.199,0.0199,3.37156,3.13654,3.99435,0.00131492,0.00131492,0.00131492
348,287.25,1.45129,1.07903,1.83952,0.01235,1,0.199,0.0398,3.30756,2.90657,4.11082,0.00131294,0.00131294,0.00131294
349,288.034,1.74415,1.69976,1.61402,0.01235,1,0.199,0.0398,3.30756,2.90657,4.11082,0.00131096,0.00131096,0.00131096
350,288.826,1.32379,1.02176,1.32606,0.01235,1,0.199,0.0398,3.30756,2.90657,4.11082,0.00130898,0.00130898,0.00130898
351,289.624,1.05156,0.8596,1.19517,0.01235,1,0.199,0.0398,3.30756,2.90657,4.11082,0.001307,0.001307,0.001307
352,290.44,1.11213,1.04811,1.34005,0.01235,1,0.199,0.0398,3.52058,2.76127,4.22645,0.00130502,0.00130502,0.00130502
353,291.232,1.19087,0.95266,1.43683,0.01235,1,0.199,0.0398,3.52058,2.76127,4.22645,0.00130304,0.00130304,0.00130304
354,292.025,1.38162,0.9454,1.35316,0.01235,1,0.199,0.0398,3.52058,2.76127,4.22645,0.00130106,0.00130106,0.00130106
355,292.818,1.10948,1.05101,1.37341,0.01235,1,0.199,0.0398,3.52058,2.76127,4.22645,0.00129908,0.00129908,0.00129908
356,293.644,1.1902,1.10738,1.43465,0.01235,1,0.199,0.0398,3.53064,2.69821,4.25782,0.0012971,0.0012971,0.0012971
357,294.442,1.29525,1.04915,1.53015,0.01235,1,0.199,0.0398,3.53064,2.69821,4.25782,0.00129512,0.00129512,0.00129512
358,295.225,1.24404,1.07174,1.55117,0.01235,1,0.199,0.0398,3.53064,2.69821,4.25782,0.00129314,0.00129314,0.00129314
359,296.001,1.14238,1.0329,1.26091,0.01235,1,0.199,0.0398,3.53064,2.69821,4.25782,0.00129116,0.00129116,0.00129116
360,296.809,1.17567,1.11708,1.60907,0.01235,1,0.199,0.0398,3.87066,2.79053,4.382,0.00128918,0.00128918,0.00128918
361,297.597,1.4356,1.19525,1.51502,0.01235,1,0.199,0.0398,3.87066,2.79053,4.382,0.0012872,0.0012872,0.0012872
362,298.389,1.29241,1.26415,1.73196,0.01235,1,0.199,0.0398,3.87066,2.79053,4.382,0.00128522,0.00128522,0.00128522
363,299.202,1.32951,1.18568,1.54029,0.01235,1,0.199,0.0398,3.87066,2.79053,4.382,0.00128324,0.00128324,0.00128324
364,299.996,1.14779,0.91255,1.272,0.01235,1,0.199,0.0398,4.00923,2.97536,4.4037,0.00128126,0.00128126,0.00128126
365,300.772,1.26659,0.97374,1.34402,0.01235,1,0.199,0.0398,4.00923,2.97536,4.4037,0.00127928,0.00127928,0.00127928
366,301.553,1.30849,1.02306,1.47263,0.01235,1,0.199,0.0398,4.00923,2.97536,4.4037,0.0012773,0.0012773,0.0012773
367,302.336,1.22394,0.98103,1.3486,0.01235,1,0.199,0.0398,4.00923,2.97536,4.4037,0.00127532,0.00127532,0.00127532
368,303.15,1.07298,0.955,1.39433,0.01235,1,0.199,0.0398,4.06347,2.93501,4.50652,0.00127334,0.00127334,0.00127334
369,303.925,1.22419,0.96276,1.49964,0.01235,1,0.199,0.0398,4.06347,2.93501,4.50652,0.00127136,0.00127136,0.00127136
370,304.712,1.28137,1.29422,1.49443,0.01235,1,0.199,0.0398,4.06347,2.93501,4.50652,0.00126938,0.00126938,0.00126938
371,305.485,1.05938,0.89144,1.19006,0.01235,1,0.199,0.0398,4.06347,2.93501,4.50652,0.0012674,0.0012674,0.0012674
372,306.279,0.91424,0.82213,1.28337,0.01235,1,0.199,0.0398,4.0162,2.98795,4.22686,0.00126542,0.00126542,0.00126542
373,307.06,1.23694,1.07048,1.3415,0.01235,1,0.199,0.0398,4.0162,2.98795,4.22686,0.00126344,0.00126344,0.00126344
374,307.854,1.26267,1.00203,1.46008,0.01235,1,0.199,0.0398,4.0162,2.98795,4.22686,0.00126146,0.00126146,0.00126146
375,308.646,1.15641,0.86503,1.28634,0.01235,1,0.199,0.0398,4.0162,2.98795,4.22686,0.00125948,0.00125948,0.00125948
376,309.454,1.3462,1.08439,1.39686,0.01235,1,0.199,0.0398,3.83675,3.06682,3.87456,0.0012575,0.0012575,0.0012575
377,310.241,1.1781,1.02803,1.53186,0.01235,1,0.199,0.0398,3.83675,3.06682,3.87456,0.00125552,0.00125552,0.00125552
378,311.016,1.24304,1.02956,1.61504,0.01235,1,0.199,0.0398,3.83675,3.06682,3.87456,0.00125354,0.00125354,0.00125354
379,311.818,1.38815,1.12802,1.31785,0.01235,1,0.199,0.0398,3.83675,3.06682,3.87456,0.00125156,0.00125156,0.00125156
380,312.644,1.03118,0.9385,1.15852,0.01235,1,0.199,0.0398,3.74825,3.30082,3.712,0.00124958,0.00124958,0.00124958
381,313.428,1.22743,0.99944,1.40222,0.01235,1,0.199,0.0398,3.74825,3.30082,3.712,0.0012476,0.0012476,0.0012476
382,314.225,1.29851,1.04135,1.47044,0.01235,1,0.199,0.0398,3.74825,3.30082,3.712,0.00124562,0.00124562,0.00124562
383,315.02,1.06721,0.94857,1.36937,0.01235,1,0.199,0.0398,3.74825,3.30082,3.712,0.00124364,0.00124364,0.00124364
384,315.836,1.15972,1.02242,1.328,0.01235,1,0.199,0.0398,3.29949,3.57297,3.69719,0.00124166,0.00124166,0.00124166
385,316.658,0.91371,0.88738,1.16353,0.01235,1,0.199,0.0398,3.29949,3.57297,3.69719,0.00123968,0.00123968,0.00123968
386,317.479,1.09226,0.90741,1.25888,0.01235,1,0.199,0.0398,3.29949,3.57297,3.69719,0.0012377,0.0012377,0.0012377
387,318.262,1.38096,1.20472,1.40854,0.01235,1,0.199,0.0398,3.29949,3.57297,3.69719,0.00123572,0.00123572,0.00123572
388,319.09,1.18316,1.13841,1.50996,0.01235,1,0.199,0.0398,3.81778,3.44899,3.7924,0.00123374,0.00123374,0.00123374
389,319.884,1.28459,0.93078,1.36861,0.01235,1,0.199,0.0398,3.81778,3.44899,3.7924,0.00123176,0.00123176,0.00123176
390,320.676,1.23421,0.9459,1.22319,0.01235,1,0.199,0.0398,3.81778,3.44899,3.7924,0.00122978,0.00122978,0.00122978
391,321.466,1.01522,0.86071,1.37162,0.01235,1,0.199,0.0398,3.81778,3.44899,3.7924,0.0012278,0.0012278,0.0012278
392,322.294,1.48087,1.11498,1.50601,0.01235,1,0.199,0.0398,4.16454,3.18646,4.03477,0.00122582,0.00122582,0.00122582
393,323.08,1.32481,0.94257,1.30163,0.01235,1,0.199,0.0398,4.16454,3.18646,4.03477,0.00122384,0.00122384,0.00122384
394,323.868,1.02532,0.92212,1.12927,0.01235,1,0.199,0.0398,4.16454,3.18646,4.03477,0.00122186,0.00122186,0.00122186
395,324.669,1.15257,1.04297,1.28061,0.01235,1,0.199,0.0398,4.16454,3.18646,4.03477,0.00121988,0.00121988,0.00121988
396,325.484,1.2137,0.93971,1.45656,0.01235,1,0.199,0.0398,4.4715,2.76998,4.43785,0.0012179,0.0012179,0.0012179
397,326.252,1.08221,0.92819,1.308,0.01235,1,0.199,0.0398,4.4715,2.76998,4.43785,0.00121592,0.00121592,0.00121592
398,327.034,1.20187,1.01041,1.32538,0.01235,1,0.199,0.0398,4.4715,2.76998,4.43785,0.00121394,0.00121394,0.00121394
399,327.824,1.4407,1.07562,1.51168,0.01235,1,0.199,0.0398,4.4715,2.76998,4.43785,0.00121196,0.00121196,0.00121196
400,328.629,1.04983,0.91906,1.20915,0.01235,1,0.199,0.0398,4.48616,2.49592,4.94194,0.00120998,0.00120998,0.00120998
401,329.424,0.96055,0.80424,1.1942,0.01235,1,0.199,0.0398,4.48616,2.49592,4.94194,0.001208,0.001208,0.001208
402,330.197,1.13105,0.95128,1.30357,0.01235,1,0.199,0.0398,4.48616,2.49592,4.94194,0.00120602,0.00120602,0.00120602
403,330.978,1.16975,0.96995,1.51612,0.01235,1,0.199,0.0398,4.48616,2.49592,4.94194,0.00120404,0.00120404,0.00120404
404,331.802,1.39145,0.97695,1.53446,0.01235,1,0.199,0.0398,4.31009,2.70839,4.85455,0.00120206,0.00120206,0.00120206
405,332.592,0.93996,0.96686,1.29603,0.01235,1,0.199,0.0398,4.31009,2.70839,4.85455,0.00120008,0.00120008,0.00120008
406,333.385,0.97542,0.78187,1.08331,0.01235,1,0.199,0.0398,4.31009,2.70839,4.85455,0.0011981,0.0011981,0.0011981
407,334.166,1.11006,0.95154,1.35311,0.01235,1,0.199,0.0398,4.31009,2.70839,4.85455,0.00119612,0.00119612,0.00119612
408,334.971,1.00403,1.02768,1.36467,0.01235,1,0.199,0.0398,4.35351,2.7533,4.89765,0.00119414,0.00119414,0.00119414
409,335.748,0.79126,0.80796,1.11856,0.01235,1,0.199,0.0398,4.35351,2.7533,4.89765,0.00119216,0.00119216,0.00119216
410,336.53,0.9805,0.85717,1.23323,0.01235,1,0.199,0.0398,4.35351,2.7533,4.89765,0.00119018,0.00119018,0.00119018
411,337.314,1.15399,0.95419,1.33299,0.01235,1,0.199,0.0398,4.35351,2.7533,4.89765,0.0011882,0.0011882,0.0011882
412,338.135,1.12701,0.87544,1.20049,0.01235,1,0.199,0.0398,4.1934,3.04361,4.55262,0.00118622,0.00118622,0.00118622
413,338.919,0.98221,0.83905,1.19649,0.01235,1,0.199,0.0398,4.1934,3.04361,4.55262,0.00118424,0.00118424,0.00118424
414,339.706,1.12466,0.87334,1.34788,0.01235,1,0.199,0.0398,4.1934,3.04361,4.55262,0.00118226,0.00118226,0.00118226
415,340.489,1.20238,0.95558,1.46596,0.01235,1,0.199,0.0398,4.1934,3.04361,4.55262,0.00118028,0.00118028,0.00118028
416,341.293,1.18001,0.96085,1.37735,0.01235,1,0.199,0.0398,3.84631,3.59599,4.12553,0.0011783,0.0011783,0.0011783
417,342.079,1.19398,0.95684,1.32857,0.01235,1,0.199,0.0398,3.84631,3.59599,4.12553,0.00117632,0.00117632,0.00117632
418,342.858,0.94058,0.8856,1.24329,0.01235,1,0.199,0.0398,3.84631,3.59599,4.12553,0.00117434,0.00117434,0.00117434
419,343.638,1.11973,0.95034,1.22658,0.01235,1,0.199,0.0398,3.84631,3.59599,4.12553,0.00117236,0.00117236,0.00117236
420,344.442,0.99172,0.7718,1.24695,0.01235,1,0.199,0.0398,3.71311,3.89443,3.9025,0.00117038,0.00117038,0.00117038
421,345.22,1.04697,1.06248,1.22447,0.01235,1,0.199,0.0398,3.71311,3.89443,3.9025,0.0011684,0.0011684,0.0011684
422,346.034,1.13153,0.83363,1.22219,0.01235,1,0.199,0.0398,3.71311,3.89443,3.9025,0.00116642,0.00116642,0.00116642
423,346.818,0.96875,0.76268,1.28552,0.01235,1,0.199,0.0398,3.71311,3.89443,3.9025,0.00116444,0.00116444,0.00116444
424,347.624,1.05605,0.96325,1.48107,0.01235,1,0.199,0.0398,3.51609,4.19997,3.67583,0.00116246,0.00116246,0.00116246
425,348.418,0.96317,0.76313,1.06201,0.01235,1,0.199,0.0398,3.51609,4.19997,3.67583,0.00116048,0.00116048,0.00116048
426,349.201,1.36232,1.15551,1.42311,0.01235,1,0.199,0.0398,3.51609,4.19997,3.67583,0.0011585,0.0011585,0.0011585
427,349.98,1.13302,0.84003,1.3217,0.01235,1,0.199,0.0398,3.51609,4.19997,3.67583,0.00115652,0.00115652,0.00115652
428,350.781,1.24087,0.93558,1.38324,0.01235,1,0.199,0.0398,3.63909,4.4784,3.56054,0.00115454,0.00115454,0.00115454
429,351.561,1.07977,0.84774,1.24598,0.01235,1,0.199,0.0398,3.63909,4.4784,3.56054,0.00115256,0.00115256,0.00115256
430,352.348,0.89395,1.03855,1.47384,0.01235,1,0.199,0.0398,3.63909,4.4784,3.56054,0.00115058,0.00115058,0.00115058
431,353.131,1.11453,0.86409,1.17124,0.01235,1,0.199,0.0398,3.63909,4.4784,3.56054,0.0011486,0.0011486,0.0011486
